cell_type	subclass
Ast CHI3L1	Astrocyte
Ast DPP10	Astrocyte
Ast GRM3	Astrocyte
CAMs	Microglia
End	Endothelial
Exc L2-3 CBLN2 LINC02306	L2/3-6 IT
Exc L3-4 RORB CUX2	L2/3-6 IT
Exc L3-5 RORB PLCH1	L2/3-6 IT
Exc L4-5 RORB GABRG1	L2/3-6 IT
Exc L4-5 RORB IL1RAPL2	L2/3-6 IT
Exc L5/6 IT Car3	L2/3-6 IT
Exc L5/6 NP	L5/6 NP
Exc L5-6 RORB LINC02196	L2/3-6 IT
Exc L5 ET	L5 ET
Exc L6b	L6b
Exc L6 CT	L6 CT
Exc L6 THEMIS NFIA	L2/3-6 IT
Exc NRGN	Glutamatergic
Exc RELN CHD7	Glutamatergic
Fib FLRT2	Vascular
Fib SLC4A4	Vascular
Inh ALCAM TRPM3	GABAergic
Inh CUX2 MSR1	GABAergic
Inh ENOX2 SPHKAP	GABAergic
Inh FBN2 EPB41L4A	GABAergic
Inh GPC5 RIT2	GABAergic
Inh L1-2 PAX6 SCGN	PAX6
Inh L1-6 LAMP5 CA13	LAMP5
Inh L1 PAX6 CA4	PAX6
Inh L3-5 SST MAFB	SST
Inh L5-6 PVALB STON2	PVALB
Inh L5-6 SST TH	SST
Inh L6 SST NPY	SST
Inh LAMP5 NRG1 (Rosehip)	LAMP5
Inh LAMP5 RELN	LAMP5
Inh PTPRK FAM19A1	GABAergic
Inh PVALB CA8 (Chandelier)	Chandelier
Inh PVALB HTR4	PVALB
Inh PVALB SULF1	PVALB
Inh RYR3 TSHZ2	GABAergic
Inh SGCD PDE3A	SST
Inh SORCS1 TTN	LAMP5
Inh VIP ABI3BP	VIP
Inh VIP CLSTN2	VIP
Inh VIP THSD7B	VIP
Inh VIP TSHZ2	VIP
Mic MKI67	Microglia
Mic P2RY12	Microglia
Mic TPT1	Microglia
Oli	Oligodendrocyte
OPC	OPC
Per	Pericyte
SMC	SMC
T cells	T Cell